{
  "dashboard": {
    "id": null,
    "title": "Cluster",
    "originalTitle": "Cluster",
    "tags": [],
    "style": "dark",
    "timezone": "browser",
    "editable": true,
    "hideControls": false,
    "sharedCrosshair": false,
    "rows": [
      {
        "collapse": false,
        "editable": true,
        "height": "250px",
        "panels": [
          {
            "aliasColors": {},
            "bars": false,
            "datasource": null,
            "editable": true,
            "error": false,
            "fill": 1,
            "grid": {
              "leftLogBase": 1,
              "leftMax": null,
              "leftMin": null,
              "rightLogBase": 1,
              "rightMax": null,
              "rightMin": null,
              "threshold1": null,
              "threshold1Color": "rgba(216, 200, 27, 0.27)",
              "threshold2": null,
              "threshold2Color": "rgba(234, 112, 112, 0.22)"
            },
            "id": 3,
            "isNew": true,
            "leftYAxisLabel": "Millicores",
            "legend": {
              "avg": false,
              "current": false,
              "max": false,
              "min": false,
              "show": true,
              "total": false,
              "values": false
            },
            "lines": true,
            "linewidth": 2,
            "links": [],
            "nullPointMode": "connected",
            "percentage": false,
            "pointradius": 5,
            "points": false,
            "renderer": "flot",
            "seriesOverrides": [],
            "span": 12,
            "stack": false,
            "steppedLine": false,
            "targets": [
              {
                "alias": "Usage",
                "dsType": "influxdb",
                "groupBy": [
                  {
                    "params": [
                      "$interval"
                    ],
                    "type": "time"
                  },
                  {
                    "params": [
                      "null"
                    ],
                    "type": "fill"
                  }
                ],
                "measurement": "cpu/usage_rate",
                "query": "SELECT mean(\"value\") FROM \"cpu/usage_rate\" WHERE \"type\" = 'node' AND $timeFilter GROUP BY time($interval) fill(null)",
                "refId": "A",
                "resultFormat": "time_series",
                "select": [
                  [
                    {
                      "params": [
                        "value"
                      ],
                      "type": "field"
                    },
                    {
                      "params": [],
                      "type": "sum"
                    }
                  ]
                ],
                "tags": [
                  {
                    "key": "type",
                    "operator": "=",
                    "value": "node"
                  }
                ]
              },
              {
                "alias": "Limit",
                "dsType": "influxdb",
                "groupBy": [
                  {
                    "params": [
                      "$interval"
                    ],
                    "type": "time"
                  },
                  {
                    "params": [
                      "null"
                    ],
                    "type": "fill"
                  }
                ],
                "measurement": "cpu/limit",
                "query": "SELECT mean(\"value\") FROM \"cpu/limit\" WHERE \"type\" = 'node' AND $timeFilter GROUP BY time($interval) fill(null)",
                "refId": "B",
                "resultFormat": "time_series",
                "select": [
                  [
                    {
                      "params": [
                        "value"
                      ],
                      "type": "field"
                    },
                    {
                      "params": [],
                      "type": "sum"
                    }
                  ]
                ],
                "tags": [
                  {
                    "key": "type",
                    "operator": "=",
                    "value": "node"
                  }
                ]
              },
              {
                "alias": "Request",
                "dsType": "influxdb",
                "groupBy": [
                  {
                    "params": [
                      "$interval"
                    ],
                    "type": "time"
                  },
                  {
                    "params": [
                      "null"
                    ],
                    "type": "fill"
                  }
                ],
                "measurement": "cpu/request",
                "query": "SELECT mean(\"value\") FROM \"cpu/request\" WHERE \"type\" = 'node' AND $timeFilter GROUP BY time($interval) fill(null)",
                "refId": "C",
                "resultFormat": "time_series",
                "select": [
                  [
                    {
                      "params": [
                        "value"
                      ],
                      "type": "field"
                    },
                    {
                      "params": [],
                      "type": "sum"
                    }
                  ]
                ],
                "tags": [
                  {
                    "key": "type",
                    "operator": "=",
                    "value": "node"
                  }
                ]
              }
            ],
            "timeFrom": null,
            "timeShift": null,
            "title": "Overall Cluster CPU Usage",
            "tooltip": {
              "shared": true,
              "value_type": "cumulative"
            },
            "type": "graph",
            "x-axis": true,
            "y-axis": true,
            "y_formats": [
              "short",
              "short"
            ]
          }
        ],
        "title": "Row"
      },
      {
        "collapse": false,
        "editable": true,
        "height": "250px",
        "panels": [
          {
            "aliasColors": {},
            "bars": false,
            "datasource": null,
            "editable": true,
            "error": false,
            "fill": 1,
            "grid": {
              "leftLogBase": 1,
              "leftMax": null,
              "leftMin": null,
              "rightLogBase": 1,
              "rightMax": null,
              "rightMin": null,
              "threshold1": null,
              "threshold1Color": "rgba(216, 200, 27, 0.27)",
              "threshold2": null,
              "threshold2Color": "rgba(234, 112, 112, 0.22)"
            },
            "id": 4,
            "isNew": true,
            "leftYAxisLabel": "Millicores",
            "legend": {
              "avg": false,
              "current": false,
              "max": false,
              "min": false,
              "show": true,
              "total": false,
              "values": false
            },
            "lines": true,
            "linewidth": 2,
            "links": [],
            "nullPointMode": "connected",
            "percentage": false,
            "pointradius": 5,
            "points": false,
            "renderer": "flot",
            "seriesOverrides": [],
            "span": 12,
            "stack": false,
            "steppedLine": false,
            "targets": [
              {
                "alias": "Usage $tag_nodename",
                "dsType": "influxdb",
                "groupBy": [
                  {
                    "params": [
                      "$interval"
                    ],
                    "type": "time"
                  },
                  {
                    "params": [
                      "nodename"
                    ],
                    "type": "tag"
                  },
                  {
                    "params": [
                      "null"
                    ],
                    "type": "fill"
                  }
                ],
                "measurement": "cpu/usage_rate",
                "query": "SELECT mean(\"value\") FROM \"cpu/usage_rate\" WHERE \"type\" = 'node' AND $timeFilter GROUP BY time($interval), \"nodename\" fill(null)",
                "refId": "A",
                "resultFormat": "time_series",
                "select": [
                  [
                    {
                      "params": [
                        "value"
                      ],
                      "type": "field"
                    },
                    {
                      "params": [],
                      "type": "sum"
                    }
                  ]
                ],
                "tags": [
                  {
                    "key": "type",
                    "operator": "=",
                    "value": "node"
                  }
                ]
              },
              {
                "alias": "Limit $tag_nodename",
                "dsType": "influxdb",
                "groupBy": [
                  {
                    "params": [
                      "$interval"
                    ],
                    "type": "time"
                  },
                  {
                    "params": [
                      "nodename"
                    ],
                    "type": "tag"
                  },
                  {
                    "params": [
                      "null"
                    ],
                    "type": "fill"
                  }
                ],
                "measurement": "cpu/limit",
                "query": "SELECT mean(\"value\") FROM \"cpu/limit\" WHERE \"type\" = 'node' AND $timeFilter GROUP BY time($interval), \"nodename\" fill(null)",
                "refId": "B",
                "resultFormat": "time_series",
                "select": [
                  [
                    {
                      "params": [
                        "value"
                      ],
                      "type": "field"
                    },
                    {
                      "params": [],
                      "type": "sum"
                    }
                  ]
                ],
                "tags": [
                  {
                    "key": "type",
                    "operator": "=",
                    "value": "node"
                  }
                ]
              },
              {
                "alias": "Request $tag_nodename",
                "dsType": "influxdb",
                "groupBy": [
                  {
                    "params": [
                      "$interval"
                    ],
                    "type": "time"
                  },
                  {
                    "params": [
                      "nodename"
                    ],
                    "type": "tag"
                  },
                  {
                    "params": [
                      "null"
                    ],
                    "type": "fill"
                  }
                ],
                "measurement": "cpu/request",
                "query": "SELECT mean(\"value\") FROM \"cpu/request\" WHERE \"type\" = 'node' AND $timeFilter GROUP BY time($interval), \"nodename\" fill(null)",
                "refId": "C",
                "resultFormat": "time_series",
                "select": [
                  [
                    {
                      "params": [
                        "value"
                      ],
                      "type": "field"
                    },
                    {
                      "params": [],
                      "type": "sum"
                    }
                  ]
                ],
                "tags": [
                  {
                    "key": "type",
                    "operator": "=",
                    "value": "node"
                  }
                ]
              }
            ],
            "timeFrom": null,
            "timeShift": null,
            "title": "CPU Usage by Node",
            "tooltip": {
              "shared": true,
              "value_type": "cumulative"
            },
            "type": "graph",
            "x-axis": true,
            "y-axis": true,
            "y_formats": [
              "short",
              "short"
            ]
          },
          {
            "aliasColors": {},
            "bars": false,
            "datasource": null,
            "editable": true,
            "error": false,
            "fill": 1,
            "grid": {
              "leftLogBase": 1,
              "leftMax": null,
              "leftMin": null,
              "rightLogBase": 1,
              "rightMax": null,
              "rightMin": null,
              "threshold1": null,
              "threshold1Color": "rgba(216, 200, 27, 0.27)",
              "threshold2": null,
              "threshold2Color": "rgba(234, 112, 112, 0.22)"
            },
            "id": 6,
            "isNew": true,
            "leftYAxisLabel": "Millicores",
            "legend": {
              "avg": false,
              "current": false,
              "max": false,
              "min": false,
              "show": true,
              "total": false,
              "values": false
            },
            "lines": true,
            "linewidth": 2,
            "links": [],
            "nullPointMode": "connected",
            "percentage": false,
            "pointradius": 5,
            "points": false,
            "renderer": "flot",
            "seriesOverrides": [],
            "span": 12,
            "stack": false,
            "steppedLine": false,
            "targets": [
              {
                "alias": "Usage $tag_nodename",
                "dsType": "influxdb",
                "groupBy": [
                  {
                    "params": [
                      "$interval"
                    ],
                    "type": "time"
                  },
                  {
                    "params": [
                      "nodename"
                    ],
                    "type": "tag"
                  },
                  {
                    "params": [
                      "null"
                    ],
                    "type": "fill"
                  }
                ],
                "measurement": "cpu/usage_rate",
                "query": "SELECT mean(\"value\") FROM \"cpu/usage_rate\" WHERE \"type\" = 'node' AND \"nodename\" =~ /$nodename$/ AND $timeFilter GROUP BY time($interval), \"nodename\" fill(null)",
                "refId": "A",
                "resultFormat": "time_series",
                "select": [
                  [
                    {
                      "params": [
                        "value"
                      ],
                      "type": "field"
                    },
                    {
                      "params": [],
                      "type": "sum"
                    }
                  ]
                ],
                "tags": [
                  {
                    "key": "type",
                    "operator": "=",
                    "value": "node"
                  },
                  {
                    "condition": "AND",
                    "key": "nodename",
                    "operator": "=~",
                    "value": "/$nodename$/"
                  }
                ]
              },
              {
                "alias": "Limit $tag_nodename",
                "dsType": "influxdb",
                "groupBy": [
                  {
                    "params": [
                      "$interval"
                    ],
                    "type": "time"
                  },
                  {
                    "params": [
                      "nodename"
                    ],
                    "type": "tag"
                  },
                  {
                    "params": [
                      "null"
                    ],
                    "type": "fill"
                  }
                ],
                "measurement": "cpu/limit",
                "query": "SELECT mean(\"value\") FROM \"cpu/limit\" WHERE \"type\" = 'node' AND \"nodename\" =~ /$nodename$/ AND $timeFilter GROUP BY time($interval), \"nodename\" fill(null)",
                "refId": "B",
                "resultFormat": "time_series",
                "select": [
                  [
                    {
                      "params": [
                        "value"
                      ],
                      "type": "field"
                    },
                    {
                      "params": [],
                      "type": "sum"
                    }
                  ]
                ],
                "tags": [
                  {
                    "key": "type",
                    "operator": "=",
                    "value": "node"
                  },
                  {
                    "condition": "AND",
                    "key": "nodename",
                    "operator": "=~",
                    "value": "/$nodename$/"
                  }
                ]
              },
              {
                "alias": "Request $tag_nodename",
                "dsType": "influxdb",
                "groupBy": [
                  {
                    "params": [
                      "$interval"
                    ],
                    "type": "time"
                  },
                  {
                    "params": [
                      "nodename"
                    ],
                    "type": "tag"
                  },
                  {
                    "params": [
                      "null"
                    ],
                    "type": "fill"
                  }
                ],
                "measurement": "cpu/request",
                "query": "SELECT mean(\"value\") FROM \"cpu/request\" WHERE \"type\" = 'node' AND \"nodename\" =~ /$nodename$/ AND $timeFilter GROUP BY time($interval), \"nodename\" fill(null)",
                "refId": "C",
                "resultFormat": "time_series",
                "select": [
                  [
                    {
                      "params": [
                        "value"
                      ],
                      "type": "field"
                    },
                    {
                      "params": [],
                      "type": "sum"
                    }
                  ]
                ],
                "tags": [
                  {
                    "key": "type",
                    "operator": "=",
                    "value": "node"
                  },
                  {
                    "condition": "AND",
                    "key": "nodename",
                    "operator": "=~",
                    "value": "/$nodename$/"
                  }
                ]
              }
            ],
            "timeFrom": null,
            "timeShift": null,
            "title": "Individual CPU Usage: $nodename",
            "tooltip": {
              "shared": true,
              "value_type": "cumulative"
            },
            "type": "graph",
            "x-axis": true,
            "y-axis": true,
            "y_formats": [
              "short",
              "short"
            ]
          }
        ],
        "title": "New row"
      },
      {
        "collapse": false,
        "editable": true,
        "height": "250px",
        "panels": [
          {
            "aliasColors": {},
            "bars": false,
            "datasource": null,
            "editable": true,
            "error": false,
            "fill": 1,
            "grid": {
              "leftLogBase": 1,
              "leftMax": null,
              "leftMin": null,
              "rightLogBase": 1,
              "rightMax": null,
              "rightMin": null,
              "threshold1": null,
              "threshold1Color": "rgba(216, 200, 27, 0.27)",
              "threshold2": null,
              "threshold2Color": "rgba(234, 112, 112, 0.22)"
            },
            "id": 1,
            "isNew": true,
            "leftYAxisLabel": "bytes",
            "legend": {
              "avg": false,
              "current": false,
              "max": false,
              "min": false,
              "show": true,
              "total": false,
              "values": false
            },
            "lines": true,
            "linewidth": 2,
            "links": [],
            "nullPointMode": "connected",
            "percentage": false,
            "pointradius": 5,
            "points": false,
            "renderer": "flot",
            "seriesOverrides": [],
            "span": 12,
            "stack": false,
            "steppedLine": false,
            "targets": [
              {
                "alias": "Usage",
                "dsType": "influxdb",
                "groupBy": [
                  {
                    "params": [
                      "$interval"
                    ],
                    "type": "time"
                  },
                  {
                    "params": [
                      "null"
                    ],
                    "type": "fill"
                  }
                ],
                "measurement": "memory/usage",
                "query": "SELECT mean(\"value\") FROM \"memory/usage\" WHERE \"type\" = 'node' AND $timeFilter GROUP BY time($interval) fill(null)",
                "refId": "B",
                "resultFormat": "time_series",
                "select": [
                  [
                    {
                      "params": [
                        "value"
                      ],
                      "type": "field"
                    },
                    {
                      "params": [],
                      "type": "sum"
                    }
                  ]
                ],
                "tags": [
                  {
                    "key": "type",
                    "operator": "=",
                    "value": "node"
                  }
                ]
              },
              {
                "alias": "Working Set",
                "dsType": "influxdb",
                "groupBy": [
                  {
                    "params": [
                      "$interval"
                    ],
                    "type": "time"
                  },
                  {
                    "params": [
                      "null"
                    ],
                    "type": "fill"
                  }
                ],
                "measurement": "memory/working_set",
                "query": "SELECT mean(\"value\") FROM \"memory/working_set\" WHERE \"type\" = 'node' AND $timeFilter GROUP BY time($interval) fill(null)",
                "refId": "C",
                "resultFormat": "time_series",
                "select": [
                  [
                    {
                      "params": [
                        "value"
                      ],
                      "type": "field"
                    },
                    {
                      "params": [],
                      "type": "sum"
                    }
                  ]
                ],
                "tags": [
                  {
                    "key": "type",
                    "operator": "=",
                    "value": "node"
                  }
                ]
              },
              {
                "alias": "Limit",
                "dsType": "influxdb",
                "groupBy": [
                  {
                    "params": [
                      "$interval"
                    ],
                    "type": "time"
                  },
                  {
                    "params": [
                      "null"
                    ],
                    "type": "fill"
                  }
                ],
                "hide": false,
                "measurement": "memory/limit",
                "query": "SELECT mean(\"value\") FROM \"memory/limit\" WHERE \"type\" = 'node' AND $timeFilter GROUP BY time($interval) fill(null)",
                "refId": "A",
                "resultFormat": "time_series",
                "select": [
                  [
                    {
                      "params": [
                        "value"
                      ],
                      "type": "field"
                    },
                    {
                      "params": [],
                      "type": "sum"
                    }
                  ]
                ],
                "tags": [
                  {
                    "key": "type",
                    "operator": "=",
                    "value": "node"
                  }
                ]
              },
              {
                "alias": "Request",
                "dsType": "influxdb",
                "groupBy": [
                  {
                    "params": [
                      "$interval"
                    ],
                    "type": "time"
                  },
                  {
                    "params": [
                      "null"
                    ],
                    "type": "fill"
                  }
                ],
                "hide": false,
                "measurement": "memory/request",
                "query": "SELECT mean(\"value\") FROM \"memory/request\" WHERE \"type\" = 'node' AND $timeFilter GROUP BY time($interval) fill(null)",
                "refId": "D",
                "resultFormat": "time_series",
                "select": [
                  [
                    {
                      "params": [
                        "value"
                      ],
                      "type": "field"
                    },
                    {
                      "params": [],
                      "type": "sum"
                    }
                  ]
                ],
                "tags": [
                  {
                    "key": "type",
                    "operator": "=",
                    "value": "node"
                  }
                ]
              }
            ],
            "timeFrom": null,
            "timeShift": null,
            "title": "Overall Cluster Memory Usage",
            "tooltip": {
              "shared": true,
              "value_type": "cumulative"
            },
            "type": "graph",
            "x-axis": true,
            "y-axis": true,
            "y_formats": [
              "bytes",
              "short"
            ]
          },
          {
            "aliasColors": {},
            "bars": false,
            "datasource": null,
            "editable": true,
            "error": false,
            "fill": 1,
            "grid": {
              "leftLogBase": 1,
              "leftMax": null,
              "leftMin": null,
              "rightLogBase": 1,
              "rightMax": null,
              "rightMin": null,
              "threshold1": null,
              "threshold1Color": "rgba(216, 200, 27, 0.27)",
              "threshold2": null,
              "threshold2Color": "rgba(234, 112, 112, 0.22)"
            },
            "id": 2,
            "isNew": true,
            "leftYAxisLabel": "Bytes",
            "legend": {
              "avg": false,
              "current": false,
              "max": false,
              "min": false,
              "show": true,
              "total": false,
              "values": false
            },
            "lines": true,
            "linewidth": 2,
            "links": [],
            "nullPointMode": "connected",
            "percentage": false,
            "pointradius": 5,
            "points": false,
            "renderer": "flot",
            "seriesOverrides": [],
            "span": 12,
            "stack": false,
            "steppedLine": false,
            "targets": [
              {
                "alias": "Usage $tag_nodename",
                "dsType": "influxdb",
                "groupBy": [
                  {
                    "params": [
                      "$interval"
                    ],
                    "type": "time"
                  },
                  {
                    "params": [
                      "nodename"
                    ],
                    "type": "tag"
                  },
                  {
                    "params": [
                      "null"
                    ],
                    "type": "fill"
                  }
                ],
                "measurement": "memory/usage",
                "query": "SELECT mean(\"value\") FROM \"memory/usage\" WHERE \"type\" = 'node' AND $timeFilter GROUP BY time($interval), \"nodename\" fill(null)",
                "refId": "B",
                "resultFormat": "time_series",
                "select": [
                  [
                    {
                      "params": [
                        "value"
                      ],
                      "type": "field"
                    },
                    {
                      "params": [],
                      "type": "sum"
                    }
                  ]
                ],
                "tags": [
                  {
                    "key": "type",
                    "operator": "=",
                    "value": "node"
                  }
                ]
              },
              {
                "alias": "Working Set $tag_nodename",
                "dsType": "influxdb",
                "groupBy": [
                  {
                    "params": [
                      "$interval"
                    ],
                    "type": "time"
                  },
                  {
                    "params": [
                      "nodename"
                    ],
                    "type": "tag"
                  },
                  {
                    "params": [
                      "null"
                    ],
                    "type": "fill"
                  }
                ],
                "measurement": "memory/working_set",
                "query": "SELECT mean(\"value\") FROM \"memory/working_set\" WHERE \"type\" = 'node' AND $timeFilter GROUP BY time($interval), \"nodename\" fill(null)",
                "refId": "A",
                "resultFormat": "time_series",
                "select": [
                  [
                    {
                      "params": [
                        "value"
                      ],
                      "type": "field"
                    },
                    {
                      "params": [],
                      "type": "sum"
                    }
                  ]
                ],
                "tags": [
                  {
                    "key": "type",
                    "operator": "=",
                    "value": "node"
                  }
                ]
              },
              {
                "alias": "Limit $tag_nodename",
                "dsType": "influxdb",
                "groupBy": [
                  {
                    "params": [
                      "$interval"
                    ],
                    "type": "time"
                  },
                  {
                    "params": [
                      "nodename"
                    ],
                    "type": "tag"
                  },
                  {
                    "params": [
                      "null"
                    ],
                    "type": "fill"
                  }
                ],
                "measurement": "memory/limit",
                "query": "SELECT mean(\"value\") FROM \"memory/limit\" WHERE \"type\" = 'node' AND $timeFilter GROUP BY time($interval), \"nodename\" fill(null)",
                "refId": "C",
                "resultFormat": "time_series",
                "select": [
                  [
                    {
                      "params": [
                        "value"
                      ],
                      "type": "field"
                    },
                    {
                      "params": [],
                      "type": "sum"
                    }
                  ]
                ],
                "tags": [
                  {
                    "key": "type",
                    "operator": "=",
                    "value": "node"
                  }
                ]
              },
              {
                "alias": "Request $tag_nodename",
                "dsType": "influxdb",
                "groupBy": [
                  {
                    "params": [
                      "$interval"
                    ],
                    "type": "time"
                  },
                  {
                    "params": [
                      "nodename"
                    ],
                    "type": "tag"
                  },
                  {
                    "params": [
                      "null"
                    ],
                    "type": "fill"
                  }
                ],
                "measurement": "memory/request",
                "query": "SELECT mean(\"value\") FROM \"memory/request\" WHERE \"type\" = 'node' AND $timeFilter GROUP BY time($interval), \"nodename\" fill(null)",
                "refId": "D",
                "resultFormat": "time_series",
                "select": [
                  [
                    {
                      "params": [
                        "value"
                      ],
                      "type": "field"
                    },
                    {
                      "params": [],
                      "type": "sum"
                    }
                  ]
                ],
                "tags": [
                  {
                    "key": "type",
                    "operator": "=",
                    "value": "node"
                  }
                ]
              }
            ],
            "timeFrom": null,
            "timeShift": null,
            "title": "Memory Usage by Node",
            "tooltip": {
              "shared": true,
              "value_type": "cumulative"
            },
            "type": "graph",
            "x-axis": true,
            "y-axis": true,
            "y_formats": [
              "bytes",
              "short"
            ]
          }
        ],
        "title": "New row"
      },
      {
        "collapse": false,
        "editable": true,
        "height": "250px",
        "panels": [
          {
            "aliasColors": {},
            "bars": false,
            "datasource": null,
            "editable": true,
            "error": false,
            "fill": 1,
            "grid": {
              "leftLogBase": 1,
              "leftMax": null,
              "leftMin": null,
              "rightLogBase": 1,
              "rightMax": null,
              "rightMin": null,
              "threshold1": null,
              "threshold1Color": "rgba(216, 200, 27, 0.27)",
              "threshold2": null,
              "threshold2Color": "rgba(234, 112, 112, 0.22)"
            },
            "id": 5,
            "isNew": true,
            "leftYAxisLabel": "Bytes",
            "legend": {
              "avg": false,
              "current": false,
              "max": false,
              "min": false,
              "show": true,
              "total": false,
              "values": false
            },
            "lines": true,
            "linewidth": 2,
            "links": [],
            "nullPointMode": "connected",
            "percentage": false,
            "pointradius": 5,
            "points": false,
            "renderer": "flot",
            "seriesOverrides": [],
            "span": 12,
            "stack": false,
            "steppedLine": false,
            "targets": [
              {
                "alias": "Usage $tag_nodename",
                "dsType": "influxdb",
                "groupBy": [
                  {
                    "params": [
                      "$interval"
                    ],
                    "type": "time"
                  },
                  {
                    "params": [
                      "nodename"
                    ],
                    "type": "tag"
                  },
                  {
                    "params": [
                      "null"
                    ],
                    "type": "fill"
                  }
                ],
                "measurement": "memory/usage",
                "query": "SELECT mean(\"value\") FROM \"memory/usage\" WHERE \"type\" = 'node' AND \"nodename\" =~ /$nodename$/ AND $timeFilter GROUP BY time($interval), \"nodename\" fill(null)",
                "refId": "B",
                "resultFormat": "time_series",
                "select": [
                  [
                    {
                      "params": [
                        "value"
                      ],
                      "type": "field"
                    },
                    {
                      "params": [],
                      "type": "sum"
                    }
                  ]
                ],
                "tags": [
                  {
                    "key": "type",
                    "operator": "=",
                    "value": "node"
                  },
                  {
                    "condition": "AND",
                    "key": "nodename",
                    "operator": "=~",
                    "value": "/$nodename$/"
                  }
                ]
              },
              {
                "alias": "Working Set $tag_nodename",
                "dsType": "influxdb",
                "groupBy": [
                  {
                    "params": [
                      "$interval"
                    ],
                    "type": "time"
                  },
                  {
                    "params": [
                      "nodename"
                    ],
                    "type": "tag"
                  },
                  {
                    "params": [
                      "null"
                    ],
                    "type": "fill"
                  }
                ],
                "measurement": "memory/working_set",
                "query": "SELECT mean(\"value\") FROM \"memory/working_set\" WHERE \"type\" = 'node' AND \"nodename\" =~ /$nodename$/ AND $timeFilter GROUP BY time($interval), \"nodename\" fill(null)",
                "refId": "A",
                "resultFormat": "time_series",
                "select": [
                  [
                    {
                      "params": [
                        "value"
                      ],
                      "type": "field"
                    },
                    {
                      "params": [],
                      "type": "sum"
                    }
                  ]
                ],
                "tags": [
                  {
                    "key": "type",
                    "operator": "=",
                    "value": "node"
                  },
                  {
                    "condition": "AND",
                    "key": "nodename",
                    "operator": "=~",
                    "value": "/$nodename$/"
                  }
                ]
              },
              {
                "alias": "Limit $tag_nodename",
                "dsType": "influxdb",
                "groupBy": [
                  {
                    "params": [
                      "$interval"
                    ],
                    "type": "time"
                  },
                  {
                    "params": [
                      "nodename"
                    ],
                    "type": "tag"
                  },
                  {
                    "params": [
                      "null"
                    ],
                    "type": "fill"
                  }
                ],
                "measurement": "memory/limit",
                "query": "SELECT mean(\"value\") FROM \"memory/limit\" WHERE \"type\" = 'node' AND \"nodename\" =~ /$nodename$/ AND $timeFilter GROUP BY time($interval), \"nodename\" fill(null)",
                "refId": "C",
                "resultFormat": "time_series",
                "select": [
                  [
                    {
                      "params": [
                        "value"
                      ],
                      "type": "field"
                    },
                    {
                      "params": [],
                      "type": "sum"
                    }
                  ]
                ],
                "tags": [
                  {
                    "key": "type",
                    "operator": "=",
                    "value": "node"
                  },
                  {
                    "condition": "AND",
                    "key": "nodename",
                    "operator": "=~",
                    "value": "/$nodename$/"
                  }
                ]
              },
              {
                "alias": "Request $tag_nodename",
                "dsType": "influxdb",
                "groupBy": [
                  {
                    "params": [
                      "$interval"
                    ],
                    "type": "time"
                  },
                  {
                    "params": [
                      "nodename"
                    ],
                    "type": "tag"
                  },
                  {
                    "params": [
                      "null"
                    ],
                    "type": "fill"
                  }
                ],
                "measurement": "memory/request",
                "query": "SELECT mean(\"value\") FROM \"memory/request\" WHERE \"type\" = 'node' AND \"nodename\" =~ /$nodename$/ AND $timeFilter GROUP BY time($interval), \"nodename\" fill(null)",
                "refId": "D",
                "resultFormat": "time_series",
                "select": [
                  [
                    {
                      "params": [
                        "value"
                      ],
                      "type": "field"
                    },
                    {
                      "params": [],
                      "type": "sum"
                    }
                  ]
                ],
                "tags": [
                  {
                    "key": "type",
                    "operator": "=",
                    "value": "node"
                  },
                  {
                    "condition": "AND",
                    "key": "nodename",
                    "operator": "=~",
                    "value": "/$nodename$/"
                  }
                ]
              }
            ],
            "timeFrom": null,
            "timeShift": null,
            "title": "Individual Node Memory Usage: $nodename",
            "tooltip": {
              "shared": true,
              "value_type": "cumulative"
            },
            "type": "graph",
            "x-axis": true,
            "y-axis": true,
            "y_formats": [
              "bytes",
              "short"
            ]
          },
          {
            "aliasColors": {},
            "bars": false,
            "datasource": null,
            "editable": true,
            "error": false,
            "fill": 1,
            "grid": {
              "leftLogBase": 1,
              "leftMax": null,
              "leftMin": null,
              "rightLogBase": 1,
              "rightMax": null,
              "rightMin": null,
              "threshold1": null,
              "threshold1Color": "rgba(216, 200, 27, 0.27)",
              "threshold2": null,
              "threshold2Color": "rgba(234, 112, 112, 0.22)"
            },
            "id": 7,
            "isNew": true,
            "leftYAxisLabel": "",
            "legend": {
              "avg": false,
              "current": false,
              "max": false,
              "min": false,
              "show": true,
              "total": false,
              "values": false
            },
            "lines": true,
            "linewidth": 2,
            "links": [],
            "nullPointMode": "connected",
            "percentage": false,
            "pointradius": 5,
            "points": false,
            "renderer": "flot",
            "seriesOverrides": [],
            "span": 12,
            "stack": false,
            "steppedLine": false,
            "targets": [
              {
                "alias": "Tx",
                "dsType": "influxdb",
                "groupBy": [
                  {
                    "params": [
                      "$interval"
                    ],
                    "type": "time"
                  },
                  {
                    "params": [
                      "null"
                    ],
                    "type": "fill"
                  }
                ],
                "measurement": "network/tx_rate",
                "query": "SELECT mean(\"value\") FROM \"network/tx_rate\" WHERE \"type\" = 'node' AND $timeFilter GROUP BY time($interval) fill(null)",
                "refId": "A",
                "resultFormat": "time_series",
                "select": [
                  [
                    {
                      "params": [
                        "value"
                      ],
                      "type": "field"
                    },
                    {
                      "params": [],
                      "type": "sum"
                    }
                  ]
                ],
                "tags": [
                  {
                    "key": "type",
                    "operator": "=",
                    "value": "node"
                  }
                ]
              },
              {
                "alias": "Rx",
                "dsType": "influxdb",
                "groupBy": [
                  {
                    "params": [
                      "$interval"
                    ],
                    "type": "time"
                  },
                  {
                    "params": [
                      "null"
                    ],
                    "type": "fill"
                  }
                ],
                "measurement": "network/rx_rate",
                "query": "SELECT mean(\"value\") FROM \"network/rx_rate\" WHERE \"type\" = 'node' AND $timeFilter GROUP BY time($interval) fill(null)",
                "refId": "B",
                "resultFormat": "time_series",
                "select": [
                  [
                    {
                      "params": [
                        "value"
                      ],
                      "type": "field"
                    },
                    {
                      "params": [],
                      "type": "sum"
                    }
                  ]
                ],
                "tags": [
                  {
                    "key": "type",
                    "operator": "=",
                    "value": "node"
                  }
                ]
              }
            ],
            "timeFrom": null,
            "timeShift": null,
            "title": "Overall Cluster Network Usage",
            "tooltip": {
              "shared": true,
              "value_type": "cumulative"
            },
            "type": "graph",
            "x-axis": true,
            "y-axis": true,
            "y_formats": [
              "Bps",
              "short"
            ]
          },
          {
            "aliasColors": {},
            "bars": false,
            "datasource": null,
            "editable": true,
            "error": false,
            "fill": 1,
            "grid": {
              "leftLogBase": 1,
              "leftMax": null,
              "leftMin": null,
              "rightLogBase": 1,
              "rightMax": null,
              "rightMin": null,
              "threshold1": null,
              "threshold1Color": "rgba(216, 200, 27, 0.27)",
              "threshold2": null,
              "threshold2Color": "rgba(234, 112, 112, 0.22)"
            },
            "id": 8,
            "isNew": true,
            "leftYAxisLabel": "",
            "legend": {
              "avg": false,
              "current": false,
              "max": false,
              "min": false,
              "show": true,
              "total": false,
              "values": false
            },
            "lines": true,
            "linewidth": 2,
            "links": [],
            "nullPointMode": "connected",
            "percentage": false,
            "pointradius": 5,
            "points": false,
            "renderer": "flot",
            "seriesOverrides": [],
            "span": 12,
            "stack": false,
            "steppedLine": false,
            "targets": [
              {
                "alias": "Tx $tag_nodename",
                "dsType": "influxdb",
                "groupBy": [
                  {
                    "params": [
                      "$interval"
                    ],
                    "type": "time"
                  },
                  {
                    "params": [
                      "nodename"
                    ],
                    "type": "tag"
                  },
                  {
                    "params": [
                      "null"
                    ],
                    "type": "fill"
                  }
                ],
                "measurement": "network/tx_rate",
                "query": "SELECT mean(\"value\") FROM \"network/tx_rate\" WHERE \"type\" = 'node' AND $timeFilter GROUP BY time($interval), \"nodename\" fill(null)",
                "rawQuery": false,
                "refId": "A",
                "resultFormat": "time_series",
                "select": [
                  [
                    {
                      "params": [
                        "value"
                      ],
                      "type": "field"
                    },
                    {
                      "params": [],
                      "type": "sum"
                    }
                  ]
                ],
                "tags": [
                  {
                    "key": "type",
                    "operator": "=",
                    "value": "node"
                  }
                ]
              },
              {
                "alias": "Rx $tag_nodename",
                "dsType": "influxdb",
                "groupBy": [
                  {
                    "params": [
                      "$interval"
                    ],
                    "type": "time"
                  },
                  {
                    "params": [
                      "nodename"
                    ],
                    "type": "tag"
                  },
                  {
                    "params": [
                      "null"
                    ],
                    "type": "fill"
                  }
                ],
                "measurement": "network/rx_rate",
                "query": "SELECT mean(\"value\") FROM \"network/rx_rate\" WHERE \"type\" = 'node' AND $timeFilter GROUP BY time($interval), \"nodename\" fill(null)",
                "rawQuery": false,
                "refId": "B",
                "resultFormat": "time_series",
                "select": [
                  [
                    {
                      "params": [
                        "value"
                      ],
                      "type": "field"
                    },
                    {
                      "params": [],
                      "type": "sum"
                    }
                  ]
                ],
                "tags": [
                  {
                    "key": "type",
                    "operator": "=",
                    "value": "node"
                  }
                ]
              }
            ],
            "timeFrom": null,
            "timeShift": null,
            "title": "Network Usage by Node",
            "tooltip": {
              "shared": true,
              "value_type": "cumulative"
            },
            "type": "graph",
            "x-axis": true,
            "y-axis": true,
            "y_formats": [
              "Bps",
              "short"
            ]
          },
          {
            "aliasColors": {},
            "bars": false,
            "datasource": null,
            "editable": true,
            "error": false,
            "fill": 1,
            "grid": {
              "leftLogBase": 1,
              "leftMax": null,
              "leftMin": null,
              "rightLogBase": 1,
              "rightMax": null,
              "rightMin": null,
              "threshold1": null,
              "threshold1Color": "rgba(216, 200, 27, 0.27)",
              "threshold2": null,
              "threshold2Color": "rgba(234, 112, 112, 0.22)"
            },
            "id": 9,
            "isNew": true,
            "leftYAxisLabel": "",
            "legend": {
              "avg": false,
              "current": false,
              "max": false,
              "min": false,
              "show": true,
              "total": false,
              "values": false
            },
            "lines": true,
            "linewidth": 2,
            "links": [],
            "nullPointMode": "connected",
            "percentage": false,
            "pointradius": 5,
            "points": false,
            "renderer": "flot",
            "seriesOverrides": [],
            "span": 12,
            "stack": false,
            "steppedLine": false,
            "targets": [
              {
                "alias": "Tx $tag_nodename",
                "dsType": "influxdb",
                "groupBy": [
                  {
                    "params": [
                      "$interval"
                    ],
                    "type": "time"
                  },
                  {
                    "params": [
                      "nodename"
                    ],
                    "type": "tag"
                  },
                  {
                    "params": [
                      "null"
                    ],
                    "type": "fill"
                  }
                ],
                "measurement": "network/tx_rate",
                "query": "SELECT mean(\"value\") FROM \"network/tx_rate\" WHERE \"type\" = 'node' AND \"nodename\" =~ /$nodename$/ AND $timeFilter GROUP BY time($interval), \"nodename\" fill(null)",
                "rawQuery": false,
                "refId": "A",
                "resultFormat": "time_series",
                "select": [
                  [
                    {
                      "params": [
                        "value"
                      ],
                      "type": "field"
                    },
                    {
                      "params": [],
                      "type": "sum"
                    }
                  ]
                ],
                "tags": [
                  {
                    "key": "type",
                    "operator": "=",
                    "value": "node"
                  },
                  {
                    "condition": "AND",
                    "key": "nodename",
                    "operator": "=~",
                    "value": "/$nodename$/"
                  }
                ]
              },
              {
                "alias": "Rx $tag_nodename",
                "dsType": "influxdb",
                "groupBy": [
                  {
                    "params": [
                      "$interval"
                    ],
                    "type": "time"
                  },
                  {
                    "params": [
                      "nodename"
                    ],
                    "type": "tag"
                  },
                  {
                    "params": [
                      "null"
                    ],
                    "type": "fill"
                  }
                ],
                "measurement": "network/rx_rate",
                "query": "SELECT mean(\"value\") FROM \"network/rx_rate\" WHERE \"type\" = 'node' AND \"nodename\" =~ /$nodename$/ AND $timeFilter GROUP BY time($interval), \"nodename\" fill(null)",
                "rawQuery": false,
                "refId": "B",
                "resultFormat": "time_series",
                "select": [
                  [
                    {
                      "params": [
                        "value"
                      ],
                      "type": "field"
                    },
                    {
                      "params": [],
                      "type": "sum"
                    }
                  ]
                ],
                "tags": [
                  {
                    "key": "type",
                    "operator": "=",
                    "value": "node"
                  },
                  {
                    "condition": "AND",
                    "key": "nodename",
                    "operator": "=~",
                    "value": "/$nodename$/"
                  }
                ]
              }
            ],
            "timeFrom": null,
            "timeShift": null,
            "title": "Individual Node Network Usage: $nodename",
            "tooltip": {
              "shared": true,
              "value_type": "cumulative"
            },
            "type": "graph",
            "x-axis": true,
            "y-axis": true,
            "y_formats": [
              "Bps",
              "short"
            ]
          },
          {
            "aliasColors": {},
            "bars": false,
            "datasource": null,
            "editable": true,
            "error": false,
            "fill": 1,
            "grid": {
              "leftLogBase": 1,
              "leftMax": null,
              "leftMin": null,
              "rightLogBase": 1,
              "rightMax": null,
              "rightMin": null,
              "threshold1": null,
              "threshold1Color": "rgba(216, 200, 27, 0.27)",
              "threshold2": null,
              "threshold2Color": "rgba(234, 112, 112, 0.22)"
            },
            "id": 10,
            "isNew": true,
            "leftYAxisLabel": "",
            "legend": {
              "avg": false,
              "current": false,
              "max": false,
              "min": false,
              "show": true,
              "total": false,
              "values": false
            },
            "lines": true,
            "linewidth": 2,
            "links": [],
            "nullPointMode": "connected",
            "percentage": false,
            "pointradius": 5,
            "points": false,
            "renderer": "flot",
            "seriesOverrides": [],
            "span": 12,
            "stack": false,
            "steppedLine": false,
            "targets": [
              {
                "alias": "Usage",
                "dsType": "influxdb",
                "groupBy": [
                  {
                    "params": [
                      "$interval"
                    ],
                    "type": "time"
                  },
                  {
                    "params": [
                      "null"
                    ],
                    "type": "fill"
                  }
                ],
                "measurement": "filesystem/usage",
                "query": "SELECT mean(\"value\") FROM \"filesystem/usage\" WHERE \"type\" = 'node' AND $timeFilter GROUP BY time($interval) fill(null)",
                "refId": "A",
                "resultFormat": "time_series",
                "select": [
                  [
                    {
                      "params": [
                        "value"
                      ],
                      "type": "field"
                    },
                    {
                      "params": [],
                      "type": "sum"
                    }
                  ]
                ],
                "tags": [
                  {
                    "key": "type",
                    "operator": "=",
                    "value": "node"
                  }
                ]
              },
              {
                "alias": "Limit",
                "dsType": "influxdb",
                "groupBy": [
                  {
                    "params": [
                      "$interval"
                    ],
                    "type": "time"
                  },
                  {
                    "params": [
                      "null"
                    ],
                    "type": "fill"
                  }
                ],
                "measurement": "filesystem/limit",
                "query": "SELECT mean(\"value\") FROM \"filesystem/limit\" WHERE \"type\" = 'node' AND $timeFilter GROUP BY time($interval) fill(null)",
                "refId": "B",
                "resultFormat": "time_series",
                "select": [
                  [
                    {
                      "params": [
                        "value"
                      ],
                      "type": "field"
                    },
                    {
                      "params": [],
                      "type": "sum"
                    }
                  ]
                ],
                "tags": [
                  {
                    "key": "type",
                    "operator": "=",
                    "value": "node"
                  }
                ]
              }
            ],
            "timeFrom": null,
            "timeShift": null,
            "title": "Overall Cluster Filesystem Usage",
            "tooltip": {
              "shared": true,
              "value_type": "cumulative"
            },
            "type": "graph",
            "x-axis": true,
            "y-axis": true,
            "y_formats": [
              "bytes",
              "short"
            ]
          },
          {
            "aliasColors": {},
            "bars": false,
            "datasource": null,
            "editable": true,
            "error": false,
            "fill": 1,
            "grid": {
              "leftLogBase": 1,
              "leftMax": null,
              "leftMin": null,
              "rightLogBase": 1,
              "rightMax": null,
              "rightMin": null,
              "threshold1": null,
              "threshold1Color": "rgba(216, 200, 27, 0.27)",
              "threshold2": null,
              "threshold2Color": "rgba(234, 112, 112, 0.22)"
            },
            "id": 11,
            "isNew": true,
            "leftYAxisLabel": "",
            "legend": {
              "avg": false,
              "current": false,
              "max": false,
              "min": false,
              "show": true,
              "total": false,
              "values": false
            },
            "lines": true,
            "linewidth": 2,
            "links": [],
            "nullPointMode": "connected",
            "percentage": false,
            "pointradius": 5,
            "points": false,
            "renderer": "flot",
            "seriesOverrides": [],
            "span": 12,
            "stack": false,
            "steppedLine": false,
            "targets": [
              {
                "alias": "Usage $tag_nodename",
                "dsType": "influxdb",
                "groupBy": [
                  {
                    "params": [
                      "$interval"
                    ],
                    "type": "time"
                  },
                  {
                    "params": [
                      "nodename"
                    ],
                    "type": "tag"
                  },
                  {
                    "params": [
                      "null"
                    ],
                    "type": "fill"
                  }
                ],
                "measurement": "filesystem/usage",
                "query": "SELECT mean(\"value\") FROM \"filesystem/usage\" WHERE \"type\" = 'node' AND $timeFilter GROUP BY time($interval), \"nodename\" fill(null)",
                "refId": "A",
                "resultFormat": "time_series",
                "select": [
                  [
                    {
                      "params": [
                        "value"
                      ],
                      "type": "field"
                    },
                    {
                      "params": [],
                      "type": "sum"
                    }
                  ]
                ],
                "tags": [
                  {
                    "key": "type",
                    "operator": "=",
                    "value": "node"
                  }
                ]
              },
              {
                "alias": "Limit $tag_nodename",
                "dsType": "influxdb",
                "groupBy": [
                  {
                    "params": [
                      "$interval"
                    ],
                    "type": "time"
                  },
                  {
                    "params": [
                      "nodename"
                    ],
                    "type": "tag"
                  },
                  {
                    "params": [
                      "null"
                    ],
                    "type": "fill"
                  }
                ],
                "measurement": "filesystem/limit",
                "query": "SELECT mean(\"value\") FROM \"filesystem/limit\" WHERE \"type\" = 'node' AND $timeFilter GROUP BY time($interval), \"nodename\" fill(null)",
                "refId": "B",
                "resultFormat": "time_series",
                "select": [
                  [
                    {
                      "params": [
                        "value"
                      ],
                      "type": "field"
                    },
                    {
                      "params": [],
                      "type": "sum"
                    }
                  ]
                ],
                "tags": [
                  {
                    "key": "type",
                    "operator": "=",
                    "value": "node"
                  }
                ]
              }
            ],
            "timeFrom": null,
            "timeShift": null,
            "title": "Filesystem Usage by Node",
            "tooltip": {
              "shared": true,
              "value_type": "cumulative"
            },
            "type": "graph",
            "x-axis": true,
            "y-axis": true,
            "y_formats": [
              "bytes",
              "short"
            ]
          },
          {
            "aliasColors": {},
            "bars": false,
            "datasource": null,
            "editable": true,
            "error": false,
            "fill": 1,
            "grid": {
              "leftLogBase": 1,
              "leftMax": null,
              "leftMin": null,
              "rightLogBase": 1,
              "rightMax": null,
              "rightMin": null,
              "threshold1": null,
              "threshold1Color": "rgba(216, 200, 27, 0.27)",
              "threshold2": null,
              "threshold2Color": "rgba(234, 112, 112, 0.22)"
            },
            "id": 12,
            "isNew": true,
            "leftYAxisLabel": "",
            "legend": {
              "avg": false,
              "current": false,
              "max": false,
              "min": false,
              "show": true,
              "total": false,
              "values": false
            },
            "lines": true,
            "linewidth": 2,
            "links": [],
            "nullPointMode": "connected",
            "percentage": false,
            "pointradius": 5,
            "points": false,
            "renderer": "flot",
            "seriesOverrides": [],
            "span": 12,
            "stack": false,
            "steppedLine": false,
            "targets": [
              {
                "alias": "Usage $tag_nodename",
                "dsType": "influxdb",
                "groupBy": [
                  {
                    "params": [
                      "$interval"
                    ],
                    "type": "time"
                  },
                  {
                    "params": [
                      "nodename"
                    ],
                    "type": "tag"
                  },
                  {
                    "params": [
                      "null"
                    ],
                    "type": "fill"
                  }
                ],
                "measurement": "filesystem/usage",
                "query": "SELECT mean(\"value\") FROM \"filesystem/usage\" WHERE \"type\" = 'node' AND \"nodename\" =~ /$nodename$/ AND $timeFilter GROUP BY time($interval), \"nodename\" fill(null)",
                "refId": "A",
                "resultFormat": "time_series",
                "select": [
                  [
                    {
                      "params": [
                        "value"
                      ],
                      "type": "field"
                    },
                    {
                      "params": [],
                      "type": "sum"
                    }
                  ]
                ],
                "tags": [
                  {
                    "key": "type",
                    "operator": "=",
                    "value": "node"
                  },
                  {
                    "condition": "AND",
                    "key": "nodename",
                    "operator": "=~",
                    "value": "/$nodename$/"
                  }
                ]
              },
              {
                "alias": "Limit $tag_nodename",
                "dsType": "influxdb",
                "groupBy": [
                  {
                    "params": [
                      "$interval"
                    ],
                    "type": "time"
                  },
                  {
                    "params": [
                      "nodename"
                    ],
                    "type": "tag"
                  },
                  {
                    "params": [
                      "null"
                    ],
                    "type": "fill"
                  }
                ],
                "measurement": "filesystem/limit",
                "query": "SELECT mean(\"value\") FROM \"filesystem/limit\" WHERE \"type\" = 'node' AND \"nodename\" =~ /$nodename$/ AND $timeFilter GROUP BY time($interval), \"nodename\" fill(null)",
                "refId": "B",
                "resultFormat": "time_series",
                "select": [
                  [
                    {
                      "params": [
                        "value"
                      ],
                      "type": "field"
                    },
                    {
                      "params": [],
                      "type": "sum"
                    }
                  ]
                ],
                "tags": [
                  {
                    "key": "type",
                    "operator": "=",
                    "value": "node"
                  },
                  {
                    "condition": "AND",
                    "key": "nodename",
                    "operator": "=~",
                    "value": "/$nodename$/"
                  }
                ]
              }
            ],
            "timeFrom": null,
            "timeShift": null,
            "title": "Individual Filesystem Usage: $nodename",
            "tooltip": {
              "shared": true,
              "value_type": "cumulative"
            },
            "type": "graph",
            "x-axis": true,
            "y-axis": true,
            "y_formats": [
              "bytes",
              "short"
            ]
          }
        ],
        "title": "New row"
      }
    ],
    "time": {
      "from": "now-30m",
      "to": "now"
    },
    "timepicker": {
      "now": true,
      "refresh_intervals": [
        "5s",
        "10s",
        "30s",
        "1m",
        "5m",
        "15m",
        "30m",
        "1h",
        "2h",
        "1d"
      ],
      "time_options": [
        "5m",
        "15m",
        "1h",
        "6h",
        "12h",
        "24h",
        "2d",
        "7d",
        "30d"
      ]
    },
    "templating": {
      "list": [
        {
          "allFormat": "glob",
          "current": {
            "text": "kubernetes-minion-hly9",
            "value": "kubernetes-minion-hly9"
          },
          "datasource": null,
          "includeAll": false,
          "multi": false,
          "multiFormat": "glob",
          "name": "nodename",
          "options": [
            {
              "text": "kubernetes-minion-a7kc",
              "value": "kubernetes-minion-a7kc",
              "selected": false
            },
            {
              "text": "kubernetes-minion-hly9",
              "value": "kubernetes-minion-hly9",
              "selected": true
            },
            {
              "text": "kubernetes-minion-sfos",
              "value": "kubernetes-minion-sfos",
              "selected": false
            }
          ],
          "query": "SHOW TAG VALUES FROM \"uptime\" WITH KEY = \"nodename\"",
          "refresh": true,
          "regex": "",
          "type": "query"
        }
      ]
    },
    "annotations": {
      "list": []
    },
    "refresh": false,
    "schemaVersion": 8,
    "version": 10,
    "links": []
  },
  "overwrite": false
}
