{
    "builders": [{
      "type": "amazon-ebs",
      "region": "us-east-2",
      "source_ami_filter": {
        "filters": {
          "virtualization-type": "hvm",
          "name": "*ubuntu-xenial-16.04-amd64-server-*",
          "root-device-type": "ebs"
        },
        "owners": ["099720109477"],
        "most_recent": true
      },
      "instance_type": "t2.micro",
      "ssh_username": "ubuntu",
      "ami_name": "devops23",
      "ami_groups": ["all"],
      "force_deregister": true,
      "ami_regions": ["us-east-2"]
    }],
    "provisioners": [{
      "type": "shell",
      "inline": [
        "echo 'Hello!!!'"
      ]
    }]
  }