{
	"networks": [
		{
			"name": "romana-network",
			"cidr": "100.96.0.0/11"
		}
	],
	"topologies": [
		{
			"networks": [
				"romana-network"
			],
			"map": [
				{
					"name": "failure-domain: ap-northeast-2a",
					"groups": [
						{ "name": "ap-northeast-2a-group-01", "groups": [], "assignment": { "failure-domain.beta.kubernetes.io/region": "ap-northeast-2", "failure-domain.beta.kubernetes.io/zone": "ap-northeast-2a" } },
						{ "name": "ap-northeast-2a-group-02", "groups": [], "assignment": { "failure-domain.beta.kubernetes.io/region": "ap-northeast-2", "failure-domain.beta.kubernetes.io/zone": "ap-northeast-2a" } },
						{ "name": "ap-northeast-2a-group-03", "groups": [], "assignment": { "failure-domain.beta.kubernetes.io/region": "ap-northeast-2", "failure-domain.beta.kubernetes.io/zone": "ap-northeast-2a" } },
						{ "name": "ap-northeast-2a-group-04", "groups": [], "assignment": { "failure-domain.beta.kubernetes.io/region": "ap-northeast-2", "failure-domain.beta.kubernetes.io/zone": "ap-northeast-2a" } },
						{ "name": "ap-northeast-2a-group-05", "groups": [], "assignment": { "failure-domain.beta.kubernetes.io/region": "ap-northeast-2", "failure-domain.beta.kubernetes.io/zone": "ap-northeast-2a" } },
						{ "name": "ap-northeast-2a-group-06", "groups": [], "assignment": { "failure-domain.beta.kubernetes.io/region": "ap-northeast-2", "failure-domain.beta.kubernetes.io/zone": "ap-northeast-2a" } },
						{ "name": "ap-northeast-2a-group-07", "groups": [], "assignment": { "failure-domain.beta.kubernetes.io/region": "ap-northeast-2", "failure-domain.beta.kubernetes.io/zone": "ap-northeast-2a" } },
						{ "name": "ap-northeast-2a-group-08", "groups": [], "assignment": { "failure-domain.beta.kubernetes.io/region": "ap-northeast-2", "failure-domain.beta.kubernetes.io/zone": "ap-northeast-2a" } }
					]
				},
				{
					"name": "failure-domain: ap-northeast-2c",
					"groups": [
						{ "name": "ap-northeast-2c-group-01", "groups": [], "assignment": { "failure-domain.beta.kubernetes.io/region": "ap-northeast-2", "failure-domain.beta.kubernetes.io/zone": "ap-northeast-2c" } },
						{ "name": "ap-northeast-2c-group-02", "groups": [], "assignment": { "failure-domain.beta.kubernetes.io/region": "ap-northeast-2", "failure-domain.beta.kubernetes.io/zone": "ap-northeast-2c" } },
						{ "name": "ap-northeast-2c-group-03", "groups": [], "assignment": { "failure-domain.beta.kubernetes.io/region": "ap-northeast-2", "failure-domain.beta.kubernetes.io/zone": "ap-northeast-2c" } },
						{ "name": "ap-northeast-2c-group-04", "groups": [], "assignment": { "failure-domain.beta.kubernetes.io/region": "ap-northeast-2", "failure-domain.beta.kubernetes.io/zone": "ap-northeast-2c" } },
						{ "name": "ap-northeast-2c-group-05", "groups": [], "assignment": { "failure-domain.beta.kubernetes.io/region": "ap-northeast-2", "failure-domain.beta.kubernetes.io/zone": "ap-northeast-2c" } },
						{ "name": "ap-northeast-2c-group-06", "groups": [], "assignment": { "failure-domain.beta.kubernetes.io/region": "ap-northeast-2", "failure-domain.beta.kubernetes.io/zone": "ap-northeast-2c" } },
						{ "name": "ap-northeast-2c-group-07", "groups": [], "assignment": { "failure-domain.beta.kubernetes.io/region": "ap-northeast-2", "failure-domain.beta.kubernetes.io/zone": "ap-northeast-2c" } },
						{ "name": "ap-northeast-2c-group-08", "groups": [], "assignment": { "failure-domain.beta.kubernetes.io/region": "ap-northeast-2", "failure-domain.beta.kubernetes.io/zone": "ap-northeast-2c" } }
					]
				}
			]
		}
	]
}
