{
	"networks": [
		{
			"name": "romana-network",
			"cidr": "100.96.0.0/11"
		}
	],
	"topologies": [
		{
			"networks": [
				"romana-network"
			],
			"map": [
				{
					"name": "failure-domain: us-east-1a",
					"groups": [
						{ "name": "us-east-1a-group-01", "groups": [], "assignment": { "failure-domain.beta.kubernetes.io/region": "us-east-1", "failure-domain.beta.kubernetes.io/zone": "us-east-1a" } },
						{ "name": "us-east-1a-group-02", "groups": [], "assignment": { "failure-domain.beta.kubernetes.io/region": "us-east-1", "failure-domain.beta.kubernetes.io/zone": "us-east-1a" } },
						{ "name": "us-east-1a-group-03", "groups": [], "assignment": { "failure-domain.beta.kubernetes.io/region": "us-east-1", "failure-domain.beta.kubernetes.io/zone": "us-east-1a" } },
						{ "name": "us-east-1a-group-04", "groups": [], "assignment": { "failure-domain.beta.kubernetes.io/region": "us-east-1", "failure-domain.beta.kubernetes.io/zone": "us-east-1a" } }
					]
				},
				{
					"name": "failure-domain: us-east-1b",
					"groups": [
						{ "name": "us-east-1b-group-01", "groups": [], "assignment": { "failure-domain.beta.kubernetes.io/region": "us-east-1", "failure-domain.beta.kubernetes.io/zone": "us-east-1b" } },
						{ "name": "us-east-1b-group-02", "groups": [], "assignment": { "failure-domain.beta.kubernetes.io/region": "us-east-1", "failure-domain.beta.kubernetes.io/zone": "us-east-1b" } },
						{ "name": "us-east-1b-group-03", "groups": [], "assignment": { "failure-domain.beta.kubernetes.io/region": "us-east-1", "failure-domain.beta.kubernetes.io/zone": "us-east-1b" } },
						{ "name": "us-east-1b-group-04", "groups": [], "assignment": { "failure-domain.beta.kubernetes.io/region": "us-east-1", "failure-domain.beta.kubernetes.io/zone": "us-east-1b" } }
					]
				},
				{
					"name": "failure-domain: us-east-1c",
					"groups": [
						{ "name": "us-east-1c-group-01", "groups": [], "assignment": { "failure-domain.beta.kubernetes.io/region": "us-east-1", "failure-domain.beta.kubernetes.io/zone": "us-east-1c" } },
						{ "name": "us-east-1c-group-02", "groups": [], "assignment": { "failure-domain.beta.kubernetes.io/region": "us-east-1", "failure-domain.beta.kubernetes.io/zone": "us-east-1c" } },
						{ "name": "us-east-1c-group-03", "groups": [], "assignment": { "failure-domain.beta.kubernetes.io/region": "us-east-1", "failure-domain.beta.kubernetes.io/zone": "us-east-1c" } },
						{ "name": "us-east-1c-group-04", "groups": [], "assignment": { "failure-domain.beta.kubernetes.io/region": "us-east-1", "failure-domain.beta.kubernetes.io/zone": "us-east-1c" } }
					]
				},
				{
					"name": "failure-domain: us-east-1d",
					"groups": [
						{ "name": "us-east-1d-group-01", "groups": [], "assignment": { "failure-domain.beta.kubernetes.io/region": "us-east-1", "failure-domain.beta.kubernetes.io/zone": "us-east-1d" } },
						{ "name": "us-east-1d-group-02", "groups": [], "assignment": { "failure-domain.beta.kubernetes.io/region": "us-east-1", "failure-domain.beta.kubernetes.io/zone": "us-east-1d" } },
						{ "name": "us-east-1d-group-03", "groups": [], "assignment": { "failure-domain.beta.kubernetes.io/region": "us-east-1", "failure-domain.beta.kubernetes.io/zone": "us-east-1d" } },
						{ "name": "us-east-1d-group-04", "groups": [], "assignment": { "failure-domain.beta.kubernetes.io/region": "us-east-1", "failure-domain.beta.kubernetes.io/zone": "us-east-1d" } }
					]
				},
				{
					"name": "failure-domain: us-east-1e",
					"groups": [
						{ "name": "us-east-1e-group-01", "groups": [], "assignment": { "failure-domain.beta.kubernetes.io/region": "us-east-1", "failure-domain.beta.kubernetes.io/zone": "us-east-1e" } },
						{ "name": "us-east-1e-group-02", "groups": [], "assignment": { "failure-domain.beta.kubernetes.io/region": "us-east-1", "failure-domain.beta.kubernetes.io/zone": "us-east-1e" } },
						{ "name": "us-east-1e-group-03", "groups": [], "assignment": { "failure-domain.beta.kubernetes.io/region": "us-east-1", "failure-domain.beta.kubernetes.io/zone": "us-east-1e" } },
						{ "name": "us-east-1e-group-04", "groups": [], "assignment": { "failure-domain.beta.kubernetes.io/region": "us-east-1", "failure-domain.beta.kubernetes.io/zone": "us-east-1e" } }
					]
				},
				{
					"name": "failure-domain: us-east-1f",
					"groups": [
						{ "name": "us-east-1f-group-01", "groups": [], "assignment": { "failure-domain.beta.kubernetes.io/region": "us-east-1", "failure-domain.beta.kubernetes.io/zone": "us-east-1f" } },
						{ "name": "us-east-1f-group-02", "groups": [], "assignment": { "failure-domain.beta.kubernetes.io/region": "us-east-1", "failure-domain.beta.kubernetes.io/zone": "us-east-1f" } },
						{ "name": "us-east-1f-group-03", "groups": [], "assignment": { "failure-domain.beta.kubernetes.io/region": "us-east-1", "failure-domain.beta.kubernetes.io/zone": "us-east-1f" } },
						{ "name": "us-east-1f-group-04", "groups": [], "assignment": { "failure-domain.beta.kubernetes.io/region": "us-east-1", "failure-domain.beta.kubernetes.io/zone": "us-east-1f" } }
					]
				}
			]
		}
	]
}
