{
	"networks": [
		{
			"name": "romana-network",
			"cidr": "100.96.0.0/11"
		}
	],
	"topologies": [
		{
			"networks": [
				"romana-network"
			],
			"map": [
				{
					"name": "failure-domain: eu-west-2a",
					"groups": [
						{ "name": "eu-west-2a-group-01", "groups": [], "assignment": { "failure-domain.beta.kubernetes.io/region": "eu-west-2", "failure-domain.beta.kubernetes.io/zone": "eu-west-2a" } },
						{ "name": "eu-west-2a-group-02", "groups": [], "assignment": { "failure-domain.beta.kubernetes.io/region": "eu-west-2", "failure-domain.beta.kubernetes.io/zone": "eu-west-2a" } },
						{ "name": "eu-west-2a-group-03", "groups": [], "assignment": { "failure-domain.beta.kubernetes.io/region": "eu-west-2", "failure-domain.beta.kubernetes.io/zone": "eu-west-2a" } },
						{ "name": "eu-west-2a-group-04", "groups": [], "assignment": { "failure-domain.beta.kubernetes.io/region": "eu-west-2", "failure-domain.beta.kubernetes.io/zone": "eu-west-2a" } },
						{ "name": "eu-west-2a-group-05", "groups": [], "assignment": { "failure-domain.beta.kubernetes.io/region": "eu-west-2", "failure-domain.beta.kubernetes.io/zone": "eu-west-2a" } },
						{ "name": "eu-west-2a-group-06", "groups": [], "assignment": { "failure-domain.beta.kubernetes.io/region": "eu-west-2", "failure-domain.beta.kubernetes.io/zone": "eu-west-2a" } },
						{ "name": "eu-west-2a-group-07", "groups": [], "assignment": { "failure-domain.beta.kubernetes.io/region": "eu-west-2", "failure-domain.beta.kubernetes.io/zone": "eu-west-2a" } },
						{ "name": "eu-west-2a-group-08", "groups": [], "assignment": { "failure-domain.beta.kubernetes.io/region": "eu-west-2", "failure-domain.beta.kubernetes.io/zone": "eu-west-2a" } }
					]
				},
				{
					"name": "failure-domain: eu-west-2b",
					"groups": [
						{ "name": "eu-west-2b-group-01", "groups": [], "assignment": { "failure-domain.beta.kubernetes.io/region": "eu-west-2", "failure-domain.beta.kubernetes.io/zone": "eu-west-2b" } },
						{ "name": "eu-west-2b-group-02", "groups": [], "assignment": { "failure-domain.beta.kubernetes.io/region": "eu-west-2", "failure-domain.beta.kubernetes.io/zone": "eu-west-2b" } },
						{ "name": "eu-west-2b-group-03", "groups": [], "assignment": { "failure-domain.beta.kubernetes.io/region": "eu-west-2", "failure-domain.beta.kubernetes.io/zone": "eu-west-2b" } },
						{ "name": "eu-west-2b-group-04", "groups": [], "assignment": { "failure-domain.beta.kubernetes.io/region": "eu-west-2", "failure-domain.beta.kubernetes.io/zone": "eu-west-2b" } },
						{ "name": "eu-west-2b-group-05", "groups": [], "assignment": { "failure-domain.beta.kubernetes.io/region": "eu-west-2", "failure-domain.beta.kubernetes.io/zone": "eu-west-2b" } },
						{ "name": "eu-west-2b-group-06", "groups": [], "assignment": { "failure-domain.beta.kubernetes.io/region": "eu-west-2", "failure-domain.beta.kubernetes.io/zone": "eu-west-2b" } },
						{ "name": "eu-west-2b-group-07", "groups": [], "assignment": { "failure-domain.beta.kubernetes.io/region": "eu-west-2", "failure-domain.beta.kubernetes.io/zone": "eu-west-2b" } },
						{ "name": "eu-west-2b-group-08", "groups": [], "assignment": { "failure-domain.beta.kubernetes.io/region": "eu-west-2", "failure-domain.beta.kubernetes.io/zone": "eu-west-2b" } }
					]
				}
			]
		}
	]
}
