{
	"networks": [
		{
			"name": "romana-network",
			"cidr": "10.112.0.0/12"
		}
	],
	"topologies": [
		{
			"networks": [
				"romana-network"
			],
			"map": [
				{ "name": "host-group-01", "groups": [] },
				{ "name": "host-group-02", "groups": [] },
				{ "name": "host-group-03", "groups": [] },
				{ "name": "host-group-04", "groups": [] },
				{ "name": "host-group-05", "groups": [] },
				{ "name": "host-group-06", "groups": [] },
				{ "name": "host-group-07", "groups": [] },
				{ "name": "host-group-08", "groups": [] }
			]
		}
	]
}
