<?xml version='1.0' encoding='UTF-8'?>
<org.jenkinsci.plugins.workflow.libs.GlobalLibraries plugin="workflow-cps-global-lib@2.8">
    <libraries>
        <org.jenkinsci.plugins.workflow.libs.LibraryConfiguration>
            <name>my-shared-library</name>
            <retriever class="org.jenkinsci.plugins.workflow.libs.SCMSourceRetriever">
                <scm class="org.jenkinsci.plugins.github_branch_source.GitHubSCMSource" plugin="github-branch-source">
                    <id>2abab22f-c7c2-473e-8f04-fdd0e5f85cf4</id>
                    <repoOwner>vfarcic</repoOwner>
                    <repository>jenkins-shared-libraries</repository>
                    <traits>
                        <org.jenkinsci.plugins.github__branch__source.BranchDiscoveryTrait>
                            <strategyId>1</strategyId>
                        </org.jenkinsci.plugins.github__branch__source.BranchDiscoveryTrait>
                        <org.jenkinsci.plugins.github__branch__source.OriginPullRequestDiscoveryTrait>
                            <strategyId>1</strategyId>
                        </org.jenkinsci.plugins.github__branch__source.OriginPullRequestDiscoveryTrait>
                        <org.jenkinsci.plugins.github__branch__source.ForkPullRequestDiscoveryTrait>
                            <strategyId>1</strategyId>
                            <trust class="org.jenkinsci.plugins.github_branch_source.ForkPullRequestDiscoveryTrait$TrustContributors"/>
                        </org.jenkinsci.plugins.github__branch__source.ForkPullRequestDiscoveryTrait>
                    </traits>
                </scm>
            </retriever>
            <defaultVersion>master</defaultVersion>
            <implicit>true</implicit>
            <allowVersionOverride>true</allowVersionOverride>
        </org.jenkinsci.plugins.workflow.libs.LibraryConfiguration>
    </libraries>
</org.jenkinsci.plugins.workflow.libs.GlobalLibraries>